Nombre,Edad,Grado,Matematicas,Historia,Ciencias,promedio
Ana,15.0,9.0,85.0,90.0,88.0,87.66666666666667
Sofia,15.0,9.0,95.0,92.0,90.0,92.33333333333333
Maria,16.0,10.0,88.0,85.0,91.0,88.0
Fernanda,17.0,11.0,91.0,94.0,89.0,91.33333333333333
Promedio,,,89.75,90.25,89.5,89.83333333333333
